N3,N2,N1
100x,csp_1_0,csp_1
210x,csp_2_1,csp_2
220x,csp_2_2,csp_2
231a,csp_2_3,csp_2
232a,csp_2_3,csp_2
233a,csp_2_3,csp_2
233b,csp_2_3,csp_2
233c,csp_2_3,csp_2
233d,csp_2_3,csp_2
311c,csp_3_1,csp_3
311d,csp_3_1,csp_3
311e,csp_3_1,csp_3
312a,csp_3_1,csp_3
331a,csp_3_3,csp_3
332a,csp_3_3,csp_3
332b,csp_3_3,csp_3
333a,csp_3_3,csp_3
333b,csp_3_3,csp_3
333c,csp_3_3,csp_3
333d,csp_3_3,csp_3
333e,csp_3_3,csp_3
333f,csp_3_3,csp_3
334a,csp_3_3,csp_3
335a,csp_3_3,csp_3
341a,csp_3_4,csp_3
341b,csp_3_4,csp_3
342b,csp_3_4,csp_3
342c,csp_3_4,csp_3
342d,csp_3_4,csp_3
342f,csp_3_4,csp_3
342g,csp_3_4,csp_3
342h,csp_3_4,csp_3
343a,csp_3_4,csp_3
344a,csp_3_4,csp_3
344b,csp_3_4,csp_3
344c,csp_3_4,csp_3
344d,csp_3_4,csp_3
351a,csp_3_5,csp_3
352a,csp_3_5,csp_3
352b,csp_3_5,csp_3
353a,csp_3_5,csp_3
353b,csp_3_5,csp_3
353c,csp_3_5,csp_3
354a,csp_3_5,csp_3
354b,csp_3_5,csp_3
354c,csp_3_5,csp_3
354e,csp_3_5,csp_3
354f,csp_3_5,csp_3
354g,csp_3_5,csp_3
371a,csp_3_7,csp_3
372a,csp_3_7,csp_3
372b,csp_3_7,csp_3
372c,csp_3_7,csp_3
372d,csp_3_7,csp_3
372e,csp_3_7,csp_3
372f,csp_3_7,csp_3
373a,csp_3_7,csp_3
373b,csp_3_7,csp_3
373c,csp_3_7,csp_3
373d,csp_3_7,csp_3
374a,csp_3_7,csp_3
374b,csp_3_7,csp_3
374c,csp_3_7,csp_3
374d,csp_3_7,csp_3
375a,csp_3_7,csp_3
375b,csp_3_7,csp_3
376a,csp_3_7,csp_3
376b,csp_3_7,csp_3
376c,csp_3_7,csp_3
376d,csp_3_7,csp_3
376e,csp_3_7,csp_3
376f,csp_3_7,csp_3
376g,csp_3_7,csp_3
377a,csp_3_7,csp_3
380a,csp_3_8,csp_3
381b,csp_3_8,csp_3
381c,csp_3_8,csp_3
382a,csp_3_8,csp_3
382b,csp_3_8,csp_3
382c,csp_3_8,csp_3
382d,csp_3_8,csp_3
383a,csp_3_8,csp_3
383b,csp_3_8,csp_3
383c,csp_3_8,csp_3
384a,csp_3_8,csp_3
384b,csp_3_8,csp_3
384c,csp_3_8,csp_3
385a,csp_3_8,csp_3
385b,csp_3_8,csp_3
385c,csp_3_8,csp_3
386b,csp_3_8,csp_3
386c,csp_3_8,csp_3
386d,csp_3_8,csp_3
386e,csp_3_8,csp_3
387a,csp_3_8,csp_3
387b,csp_3_8,csp_3
387c,csp_3_8,csp_3
387d,csp_3_8,csp_3
387e,csp_3_8,csp_3
387f,csp_3_8,csp_3
388a,csp_3_8,csp_3
388b,csp_3_8,csp_3
388c,csp_3_8,csp_3
388d,csp_3_8,csp_3
388e,csp_3_8,csp_3
389a,csp_3_8,csp_3
389b,csp_3_8,csp_3
389c,csp_3_8,csp_3
421a,csp_4_2,csp_4
421b,csp_4_2,csp_4
422a,csp_4_2,csp_4
422b,csp_4_2,csp_4
422c,csp_4_2,csp_4
422d,csp_4_2,csp_4
422e,csp_4_2,csp_4
423a,csp_4_2,csp_4
423b,csp_4_2,csp_4
424a,csp_4_2,csp_4
425a,csp_4_2,csp_4
431a,csp_4_3,csp_4
431b,csp_4_3,csp_4
431c,csp_4_3,csp_4
431d,csp_4_3,csp_4
431e,csp_4_3,csp_4
431f,csp_4_3,csp_4
432b,csp_4_3,csp_4
432d,csp_4_3,csp_4
433a,csp_4_3,csp_4
433b,csp_4_3,csp_4
433c,csp_4_3,csp_4
433d,csp_4_3,csp_4
434a,csp_4_3,csp_4
434b,csp_4_3,csp_4
434c,csp_4_3,csp_4
434d,csp_4_3,csp_4
434e,csp_4_3,csp_4
434f,csp_4_3,csp_4
434g,csp_4_3,csp_4
435a,csp_4_3,csp_4
435b,csp_4_3,csp_4
441a,csp_4_4,csp_4
441b,csp_4_4,csp_4
451a,csp_4_5,csp_4
451b,csp_4_5,csp_4
451c,csp_4_5,csp_4
451d,csp_4_5,csp_4
451e,csp_4_5,csp_4
451g,csp_4_5,csp_4
451h,csp_4_5,csp_4
452a,csp_4_5,csp_4
452b,csp_4_5,csp_4
461b,csp_4_6,csp_4
461c,csp_4_6,csp_4
461d,csp_4_6,csp_4
461e,csp_4_6,csp_4
461f,csp_4_6,csp_4
462a,csp_4_6,csp_4
462b,csp_4_6,csp_4
462c,csp_4_6,csp_4
462d,csp_4_6,csp_4
462e,csp_4_6,csp_4
463a,csp_4_6,csp_4
463b,csp_4_6,csp_4
463c,csp_4_6,csp_4
463d,csp_4_6,csp_4
463e,csp_4_6,csp_4
464a,csp_4_6,csp_4
464b,csp_4_6,csp_4
465a,csp_4_6,csp_4
465b,csp_4_6,csp_4
465c,csp_4_6,csp_4
466a,csp_4_6,csp_4
466b,csp_4_6,csp_4
466c,csp_4_6,csp_4
467a,csp_4_6,csp_4
467b,csp_4_6,csp_4
467c,csp_4_6,csp_4
467d,csp_4_6,csp_4
468a,csp_4_6,csp_4
468b,csp_4_6,csp_4
471a,csp_4_7,csp_4
471b,csp_4_7,csp_4
472a,csp_4_7,csp_4
472b,csp_4_7,csp_4
472c,csp_4_7,csp_4
472d,csp_4_7,csp_4
473a,csp_4_7,csp_4
473b,csp_4_7,csp_4
473c,csp_4_7,csp_4
474a,csp_4_7,csp_4
474b,csp_4_7,csp_4
474c,csp_4_7,csp_4
475a,csp_4_7,csp_4
475b,csp_4_7,csp_4
476a,csp_4_7,csp_4
476b,csp_4_7,csp_4
477a,csp_4_7,csp_4
477b,csp_4_7,csp_4
477c,csp_4_7,csp_4
477d,csp_4_7,csp_4
478a,csp_4_7,csp_4
478b,csp_4_7,csp_4
478c,csp_4_7,csp_4
478d,csp_4_7,csp_4
479a,csp_4_7,csp_4
479b,csp_4_7,csp_4
480a,csp_4_8,csp_4
480b,csp_4_8,csp_4
481a,csp_4_8,csp_4
481b,csp_4_8,csp_4
482a,csp_4_8,csp_4
483a,csp_4_8,csp_4
484a,csp_4_8,csp_4
484b,csp_4_8,csp_4
485a,csp_4_8,csp_4
485b,csp_4_8,csp_4
486b,csp_4_8,csp_4
486c,csp_4_8,csp_4
486d,csp_4_8,csp_4
486e,csp_4_8,csp_4
487a,csp_4_8,csp_4
487b,csp_4_8,csp_4
488a,csp_4_8,csp_4
488b,csp_4_8,csp_4
521a,csp_5_2,csp_5
521b,csp_5_2,csp_5
522a,csp_5_2,csp_5
523b,csp_5_2,csp_5
523a,csp_5_2,csp_5
523c,csp_5_2,csp_5
523d,csp_5_2,csp_5
524a,csp_5_2,csp_5
524b,csp_5_2,csp_5
524c,csp_5_2,csp_5
524d,csp_5_2,csp_5
525a,csp_5_2,csp_5
525b,csp_5_2,csp_5
525c,csp_5_2,csp_5
525d,csp_5_2,csp_5
526a,csp_5_2,csp_5
526b,csp_5_2,csp_5
526c,csp_5_2,csp_5
526d,csp_5_2,csp_5
526e,csp_5_2,csp_5
531a,csp_5_3,csp_5
531b,csp_5_3,csp_5
531c,csp_5_3,csp_5
532a,csp_5_3,csp_5
532b,csp_5_3,csp_5
532c,csp_5_3,csp_5
533a,csp_5_3,csp_5
533b,csp_5_3,csp_5
533c,csp_5_3,csp_5
534a,csp_5_3,csp_5
534b,csp_5_3,csp_5
541b,csp_5_4,csp_5
541c,csp_5_4,csp_5
541d,csp_5_4,csp_5
542a,csp_5_4,csp_5
542b,csp_5_4,csp_5
543b,csp_5_4,csp_5
543c,csp_5_4,csp_5
543e,csp_5_4,csp_5
543f,csp_5_4,csp_5
543g,csp_5_4,csp_5
543h,csp_5_4,csp_5
544a,csp_5_4,csp_5
545a,csp_5_4,csp_5
545b,csp_5_4,csp_5
545c,csp_5_4,csp_5
545d,csp_5_4,csp_5
546a,csp_5_4,csp_5
546b,csp_5_4,csp_5
546c,csp_5_4,csp_5
546d,csp_5_4,csp_5
546e,csp_5_4,csp_5
551a,csp_5_5,csp_5
552a,csp_5_5,csp_5
553b,csp_5_5,csp_5
553c,csp_5_5,csp_5
554a,csp_5_5,csp_5
554b,csp_5_5,csp_5
554c,csp_5_5,csp_5
554d,csp_5_5,csp_5
554e,csp_5_5,csp_5
554f,csp_5_5,csp_5
554g,csp_5_5,csp_5
554h,csp_5_5,csp_5
554j,csp_5_5,csp_5
555a,csp_5_5,csp_5
556a,csp_5_5,csp_5
561b,csp_5_6,csp_5
561c,csp_5_6,csp_5
561d,csp_5_6,csp_5
561e,csp_5_6,csp_5
561f,csp_5_6,csp_5
562a,csp_5_6,csp_5
562b,csp_5_6,csp_5
563a,csp_5_6,csp_5
563b,csp_5_6,csp_5
563c,csp_5_6,csp_5
564a,csp_5_6,csp_5
564b,csp_5_6,csp_5
621a,csp_6_2,csp_6
621b,csp_6_2,csp_6
621c,csp_6_2,csp_6
621d,csp_6_2,csp_6
621e,csp_6_2,csp_6
621f,csp_6_2,csp_6
621g,csp_6_2,csp_6
622a,csp_6_2,csp_6
622c,csp_6_2,csp_6
622d,csp_6_2,csp_6
622e,csp_6_2,csp_6
622f,csp_6_2,csp_6
622g,csp_6_2,csp_6
623a,csp_6_2,csp_6
623b,csp_6_2,csp_6
623d,csp_6_2,csp_6
623e,csp_6_2,csp_6
623f,csp_6_2,csp_6
623g,csp_6_2,csp_6
624b,csp_6_2,csp_6
624c,csp_6_2,csp_6
624d,csp_6_2,csp_6
624e,csp_6_2,csp_6
624f,csp_6_2,csp_6
624g,csp_6_2,csp_6
625a,csp_6_2,csp_6
625b,csp_6_2,csp_6
625c,csp_6_2,csp_6
625d,csp_6_2,csp_6
625f,csp_6_2,csp_6
625g,csp_6_2,csp_6
625h,csp_6_2,csp_6
626a,csp_6_2,csp_6
626b,csp_6_2,csp_6
626c,csp_6_2,csp_6
627a,csp_6_2,csp_6
627b,csp_6_2,csp_6
627c,csp_6_2,csp_6
627d,csp_6_2,csp_6
627e,csp_6_2,csp_6
627f,csp_6_2,csp_6
628a,csp_6_2,csp_6
628b,csp_6_2,csp_6
628c,csp_6_2,csp_6
628d,csp_6_2,csp_6
628e,csp_6_2,csp_6
628f,csp_6_2,csp_6
628g,csp_6_2,csp_6
631a,csp_6_3,csp_6
632a,csp_6_3,csp_6
632b,csp_6_3,csp_6
632c,csp_6_3,csp_6
632d,csp_6_3,csp_6
632e,csp_6_3,csp_6
632f,csp_6_3,csp_6
632g,csp_6_3,csp_6
632h,csp_6_3,csp_6
632j,csp_6_3,csp_6
632k,csp_6_3,csp_6
633a,csp_6_3,csp_6
633b,csp_6_3,csp_6
633c,csp_6_3,csp_6
633d,csp_6_3,csp_6
634a,csp_6_3,csp_6
634b,csp_6_3,csp_6
634c,csp_6_3,csp_6
634d,csp_6_3,csp_6
635a,csp_6_3,csp_6
636a,csp_6_3,csp_6
636b,csp_6_3,csp_6
636c,csp_6_3,csp_6
636d,csp_6_3,csp_6
637a,csp_6_3,csp_6
637b,csp_6_3,csp_6
637c,csp_6_3,csp_6
637d,csp_6_3,csp_6
641a,csp_6_4,csp_6
641b,csp_6_4,csp_6
642a,csp_6_4,csp_6
642b,csp_6_4,csp_6
643a,csp_6_4,csp_6
644a,csp_6_4,csp_6
651a,csp_6_5,csp_6
651b,csp_6_5,csp_6
652a,csp_6_5,csp_6
652b,csp_6_5,csp_6
653a,csp_6_5,csp_6
654b,csp_6_5,csp_6
654c,csp_6_5,csp_6
655a,csp_6_5,csp_6
656b,csp_6_5,csp_6
656c,csp_6_5,csp_6
671a,csp_6_7,csp_6
671c,csp_6_7,csp_6
671d,csp_6_7,csp_6
672a,csp_6_7,csp_6
673a,csp_6_7,csp_6
673b,csp_6_7,csp_6
673c,csp_6_7,csp_6
674a,csp_6_7,csp_6
674b,csp_6_7,csp_6
674c,csp_6_7,csp_6
674d,csp_6_7,csp_6
674e,csp_6_7,csp_6
675a,csp_6_7,csp_6
675b,csp_6_7,csp_6
675c,csp_6_7,csp_6
676a,csp_6_7,csp_6
676b,csp_6_7,csp_6
676c,csp_6_7,csp_6
676d,csp_6_7,csp_6
676e,csp_6_7,csp_6
681a,csp_6_8,csp_6
681b,csp_6_8,csp_6
682a,csp_6_8,csp_6
683a,csp_6_8,csp_6
684a,csp_6_8,csp_6
684b,csp_6_8,csp_6
685a,csp_6_8,csp_6
691a,csp_6_9,csp_6
691b,csp_6_9,csp_6
691c,csp_6_9,csp_6
691d,csp_6_9,csp_6
691e,csp_6_9,csp_6
691f,csp_6_9,csp_6
692a,csp_6_9,csp_6
